ma_sv,gioi_tinh,nganh,lam_them,chieu_cao_cm,can_nang_kg,gio_tu_hoc_tuan,gpa
SV001,Nam,CNTT,Không,160.1,57.6,16.6,3.2
SV002,Nam,CNTT,Có,177.0,57.3,12.2,2.91
SV003,Nữ,Kinh tế,Có,159.3,50.6,14.1,2.95
SV004,Nam,Cơ khí,Không,161.6,55.7,12.4,3.26
SV005,Nữ,Toán tin,Không,155.6,39.5,18.3,3.22
SV006,Nam,Toán tin,Có,170.2,65.5,7.2,2.74
SV007,Nữ,CNTT,Không,158.4,52.0,25.8,2.47
SV008,Nữ,Cơ khí,Không,164.7,41.3,21.8,3.68
SV009,Nữ,Kinh tế,Không,156.6,43.2,17.8,3.68
SV010,Nữ,Kinh tế,Có,154.1,34.8,9.5,2.62
SV011,Nam,CNTT,Không,168.0,55.1,13.3,2.72
SV012,Nữ,CNTT,Không,158.3,51.4,18.6,2.74
SV013,Nam,Toán tin,Có,164.0,56.9,12.0,3.09
SV014,Nữ,CNTT,Có,159.6,53.6,9.4,1.95
SV015,Nữ,CNTT,Không,160.4,51.4,16.4,2.23
SV016,Nam,Toán tin,Có,169.5,51.9,12.2,2.4
SV017,Nam,Cơ khí,Không,167.5,50.7,11.6,3.12
SV018,Nam,CNTT,Có,168.7,61.5,13.6,3.38
SV019,Nam,Toán tin,Không,177.4,64.9,15.8,2.56
SV020,Nam,Kinh tế,Có,165.2,52.5,9.4,3.16
SV021,Nam,Toán tin,Không,169.0,55.3,18.0,4.0
SV022,Nam,Toán tin,Không,170.9,67.8,16.2,3.27
SV023,Nam,CNTT,Không,169.8,56.9,11.2,3.02
SV024,Nam,CNTT,Không,170.7,62.0,21.2,3.58
SV025,Nam,CNTT,Không,163.9,58.7,23.6,3.54
SV026,Nữ,Toán tin,Có,156.5,51.6,10.0,3.46
SV027,Nam,Cơ khí,Có,168.8,59.3,20.6,2.92
SV028,Nam,Toán tin,Có,175.5,58.6,17.6,2.73
SV029,Nam,Cơ khí,Không,163.5,59.2,21.0,2.56
SV030,Nam,Toán tin,Không,162.6,45.7,20.3,3.97
SV031,Nam,Kinh tế,Có,168.8,60.8,14.9,2.71
SV032,Nam,Toán tin,Không,168.3,53.5,15.2,3.23
SV033,Nam,Cơ khí,Có,159.1,45.4,20.0,3.39
SV034,Nam,Cơ khí,Có,173.6,59.3,11.0,3.06
SV035,Nữ,CNTT,Không,156.9,49.6,21.1,3.7
SV036,Nam,Kinh tế,Có,168.3,52.7,10.5,2.74
SV037,Nam,Cơ khí,Không,173.2,69.2,21.0,3.11
SV038,Nam,Toán tin,Có,163.8,56.3,15.4,2.31
SV039,Nữ,CNTT,Có,163.9,48.8,15.0,3.22
SV040,Nam,Kinh tế,Không,168.3,54.6,17.0,3.02
SV041,Nam,Kinh tế,Có,162.8,58.0,14.7,3.55
SV042,Nữ,Toán tin,Có,154.0,44.8,11.4,2.35
SV043,Nam,CNTT,Có,164.9,57.8,12.0,2.52
SV044,Nam,Toán tin,Có,165.3,56.4,8.4,3.63
SV045,Nữ,Toán tin,Không,150.8,39.2,14.2,2.99
SV046,Nam,Kinh tế,Không,173.4,61.4,11.3,2.58
SV047,Nam,Toán tin,Có,179.9,68.5,1.0,2.51
SV048,Nam,CNTT,Có,152.3,40.2,19.1,3.27
SV049,Nam,CNTT,Có,173.3,76.2,10.9,2.16
SV050,Nữ,CNTT,Không,157.1,38.6,26.7,2.91
SV051,Nam,Kinh tế,Không,164.2,56.7,9.6,2.89
SV052,Nam,Kinh tế,Không,176.1,77.8,13.8,3.32
SV053,Nam,Toán tin,Không,160.5,50.8,13.4,3.11
SV054,Nam,Toán tin,Không,165.8,46.8,11.2,2.06
SV055,Nam,Kinh tế,Có,165.7,49.8,10.2,2.81
SV056,Nữ,Cơ khí,Không,154.1,47.6,21.4,3.0
SV057,Nam,Cơ khí,Không,167.6,49.2,19.2,3.41
SV058,Nam,CNTT,Không,167.5,55.1,18.5,3.16
SV059,Nam,CNTT,Có,176.1,62.6,12.2,2.64
SV060,Nam,Cơ khí,Có,161.2,52.2,8.2,3.04
SV061,Nữ,Cơ khí,Có,156.7,42.3,11.1,2.46
SV062,Nữ,CNTT,Có,164.8,49.8,15.6,2.85
SV063,Nữ,CNTT,Không,151.9,49.8,21.6,2.96
SV064,Nam,CNTT,Có,165.3,53.5,11.6,3.01
SV065,Nữ,Toán tin,Có,158.1,49.8,19.0,3.43
SV066,Nữ,CNTT,Có,157.0,46.2,17.1,2.86
SV067,Nữ,Kinh tế,Có,156.7,46.6,7.4,2.44
SV068,Nam,CNTT,Có,168.9,60.5,7.9,2.75
SV069,Nữ,Cơ khí,Không,161.0,47.4,9.3,2.29
SV070,Nữ,Kinh tế,Có,159.1,42.3,16.2,2.67
SV071,Nam,Cơ khí,Không,163.7,48.9,18.0,2.9
SV072,Nam,Kinh tế,Không,169.7,61.2,15.7,3.08
SV073,Nữ,Cơ khí,Không,149.2,40.3,19.5,2.73
SV074,Nam,Kinh tế,Có,167.4,69.2,7.6,2.39
SV075,Nam,CNTT,Không,169.2,63.7,12.1,2.8
SV076,Nữ,CNTT,Không,157.2,44.5,10.7,3.21
SV077,Nam,Toán tin,Không,175.4,64.4,12.0,2.31
SV078,Nam,Cơ khí,Có,172.2,62.1,21.0,3.23
SV079,Nam,Toán tin,Không,177.9,62.5,13.3,2.38
SV080,Nam,CNTT,Không,161.6,51.6,14.8,2.41
SV081,Nam,Toán tin,Có,174.1,68.7,13.5,2.45
SV082,Nam,Kinh tế,Không,169.4,55.7,12.5,2.69
SV083,Nam,Toán tin,Không,182.1,61.3,21.1,3.67
SV084,Nam,Cơ khí,Không,166.1,59.2,17.5,3.5
SV085,Nữ,CNTT,Có,154.6,36.9,15.0,1.97
SV086,Nam,Toán tin,Không,159.8,44.9,16.9,2.93
SV087,Nam,CNTT,Không,168.9,59.4,16.8,2.52
SV088,Nam,Toán tin,Có,154.4,53.0,21.9,3.46
SV089,Nam,Cơ khí,Có,166.7,49.7,2.4,2.07
SV090,Nữ,Toán tin,Có,148.2,39.1,15.5,3.47
SV091,Nữ,CNTT,Không,150.5,35.8,24.2,4.0
SV092,Nam,Cơ khí,Có,167.7,67.2,7.6,3.03
SV093,Nam,CNTT,Không,178.9,74.1,13.3,3.07
SV094,Nam,Cơ khí,Có,170.1,70.6,14.3,3.78
SV095,Nữ,Cơ khí,Không,144.6,31.8,17.1,1.7
SV096,Nam,CNTT,Có,167.5,67.1,16.6,3.24
SV097,Nam,Cơ khí,Không,170.7,56.5,15.7,3.2
SV098,Nam,CNTT,Không,171.6,68.0,17.7,2.72
SV099,Nữ,CNTT,Không,155.7,51.3,30.2,3.71
SV100,Nữ,Toán tin,Có,156.8,46.2,17.1,3.57
SV101,Nữ,CNTT,Không,153.8,39.7,17.6,2.94
SV102,Nam,Toán tin,Có,165.5,67.4,8.9,3.09
SV103,Nữ,Toán tin,Không,166.6,38.4,2.7,2.25
SV104,Nam,Kinh tế,Không,166.6,59.6,17.6,3.24
SV105,Nam,Cơ khí,Không,175.3,68.1,15.5,2.99
SV106,Nữ,Cơ khí,Có,158.6,33.6,18.1,2.58
SV107,Nam,CNTT,Không,168.8,65.1,15.6,2.82
SV108,Nam,Cơ khí,Có,165.6,54.9,13.7,2.73
SV109,Nữ,CNTT,Có,163.8,47.8,23.7,4.0
SV110,Nam,Kinh tế,Không,174.8,65.0,11.2,2.75
SV111,Nữ,Toán tin,Có,165.4,50.2,17.0,3.0
SV112,Nam,CNTT,Không,157.9,49.4,14.6,3.44
SV113,Nữ,Cơ khí,Có,154.3,39.4,14.6,3.1
SV114,Nữ,Kinh tế,Có,157.8,37.6,8.1,2.29
SV115,Nam,CNTT,Có,165.2,53.7,20.7,4.0
SV116,Nam,CNTT,Có,168.6,53.9,4.9,2.1
SV117,Nam,CNTT,Có,178.3,63.1,8.9,2.88
SV118,Nữ,CNTT,Có,147.3,31.7,15.4,2.69
SV119,Nam,Toán tin,Không,168.5,52.4,7.9,2.6
SV120,Nam,Cơ khí,Không,162.0,45.3,14.5,2.18
SV121,Nam,Toán tin,Không,166.1,51.0,20.6,3.11
SV122,Nữ,Cơ khí,Có,154.2,34.0,10.3,3.03
SV123,Nam,CNTT,Có,175.9,71.8,15.2,3.47
SV124,Nam,CNTT,Không,176.0,74.4,17.2,3.71
SV125,Nam,CNTT,Không,183.6,67.9,23.3,2.91
SV126,Nữ,Toán tin,Có,162.0,48.4,16.1,2.63
SV127,Nữ,CNTT,Không,156.7,48.2,22.6,3.95
SV128,Nữ,CNTT,Không,151.6,39.7,14.2,2.62
SV129,Nam,CNTT,Có,162.7,60.7,16.4,2.81
SV130,Nữ,CNTT,Không,160.8,42.0,13.7,3.07
SV131,Nam,Kinh tế,Không,154.1,48.3,11.0,2.5
SV132,Nam,Kinh tế,Không,182.0,68.3,6.1,2.07
SV133,Nữ,CNTT,Không,150.4,47.8,14.7,3.02
SV134,Nam,CNTT,Không,174.6,77.1,3.3,1.64
SV135,Nữ,Toán tin,Không,159.2,43.8,28.6,2.86
SV136,Nữ,CNTT,Không,154.3,49.0,10.2,2.2
SV137,Nam,Toán tin,Có,159.7,53.0,12.2,2.19
SV138,Nữ,CNTT,Không,156.2,40.6,22.2,2.81
SV139,Nữ,Cơ khí,Không,153.8,40.9,15.4,2.65
SV140,Nam,Kinh tế,Có,162.4,58.7,17.2,2.83
SV141,Nam,Kinh tế,Không,162.9,54.7,15.1,2.69
SV142,Nam,Kinh tế,Không,163.9,53.3,20.7,3.75
SV143,Nam,Cơ khí,Không,167.2,57.4,18.7,2.75
SV144,Nam,CNTT,Có,163.6,48.5,18.4,3.28
SV145,Nữ,Kinh tế,Không,149.3,45.3,6.6,2.23
SV146,Nữ,CNTT,Không,157.3,48.0,17.1,3.01
SV147,Nam,Toán tin,Không,159.4,51.6,20.8,3.49
SV148,Nam,CNTT,Không,170.7,55.5,18.0,3.93
SV149,Nam,Toán tin,Không,174.4,61.5,18.4,3.04
SV150,Nam,Toán tin,Không,166.5,54.7,18.8,3.62
SV151,Nữ,CNTT,Có,156.5,41.7,6.4,2.47
SV152,Nam,Toán tin,Không,169.0,65.3,17.8,2.2
SV153,Nam,Toán tin,Không,166.5,50.6,7.2,2.82
SV154,Nam,Toán tin,Có,178.5,67.5,6.7,2.41
SV155,Nữ,Cơ khí,Không,150.2,34.5,23.8,3.58
SV156,Nam,CNTT,Có,169.9,61.6,11.7,2.37
SV157,Nam,Cơ khí,Không,165.0,58.1,7.5,2.32
SV158,Nam,Toán tin,Không,170.9,65.5,27.9,3.58
SV159,Nam,CNTT,Có,172.2,61.4,16.6,3.17
SV160,Nam,CNTT,Không,165.3,53.5,17.4,2.51
SV161,Nam,Kinh tế,Không,176.2,60.0,11.0,3.17
SV162,Nam,CNTT,Không,168.5,59.2,18.4,3.6
SV163,Nam,Kinh tế,Không,173.4,66.0,12.8,3.37
SV164,Nữ,CNTT,Không,155.2,51.9,14.2,1.68
SV165,Nữ,Cơ khí,Có,162.0,42.8,15.9,2.28
SV166,Nam,CNTT,Không,165.9,62.4,8.9,2.23
SV167,Nam,Cơ khí,Không,163.1,45.5,11.6,2.38
SV168,Nam,Toán tin,Không,169.7,64.6,16.0,2.29
SV169,Nữ,Cơ khí,Có,160.7,48.4,22.0,3.49
SV170,Nam,CNTT,Không,169.2,62.9,20.8,3.32
SV171,Nam,CNTT,Không,165.4,54.7,10.6,2.47
SV172,Nam,CNTT,Không,168.4,57.2,11.5,2.79
SV173,Nữ,CNTT,Không,160.4,46.9,31.7,3.47
SV174,Nữ,Toán tin,Có,159.4,42.0,13.3,2.82
SV175,Nam,CNTT,Không,168.9,59.5,13.5,2.76
SV176,Nam,CNTT,Không,179.0,65.5,1.0,2.12
SV177,Nam,Kinh tế,Không,165.4,58.6,20.5,3.87
SV178,Nữ,Cơ khí,Có,154.4,35.5,19.3,3.29
SV179,Nam,Kinh tế,Không,167.8,58.2,13.1,2.33
SV180,Nam,CNTT,Không,166.3,48.2,12.5,2.87
SV181,Nam,CNTT,Không,173.6,61.9,16.4,3.37
SV182,Nam,Kinh tế,Không,177.4,68.6,13.6,3.21
SV183,Nam,CNTT,Không,164.3,62.6,13.1,2.78
SV184,Nam,Toán tin,Có,179.4,69.2,12.7,2.94
SV185,Nam,CNTT,Có,157.9,55.9,15.0,2.83
SV186,Nam,Toán tin,Không,173.7,66.8,18.0,3.62
SV187,Nam,Toán tin,Không,171.8,58.6,13.0,2.67
SV188,Nữ,CNTT,Không,162.0,59.0,6.8,2.02
SV189,Nữ,Kinh tế,Không,151.0,33.1,19.1,2.76
SV190,Nam,Cơ khí,Không,171.8,63.4,6.7,2.8
SV191,Nam,Toán tin,Có,181.6,65.8,18.9,3.2
SV192,Nữ,CNTT,Không,161.9,43.1,25.7,3.12
SV193,Nữ,CNTT,Có,162.0,53.7,19.0,3.27
SV194,Nữ,CNTT,Có,160.1,43.9,20.3,2.49
SV195,Nữ,Kinh tế,Có,152.7,43.4,11.9,3.11
SV196,Nam,CNTT,Không,170.0,54.2,12.8,2.52
SV197,Nam,Cơ khí,Không,172.5,66.4,18.2,2.45
SV198,Nữ,Kinh tế,Không,165.1,51.3,14.9,3.58
SV199,Nam,CNTT,Không,164.6,59.8,24.7,3.77
SV200,Nữ,CNTT,Không,159.0,53.6,19.9,3.7
